{
  "number": null,
  "short_description": "Alarm A002 Link down to sw-site001-edge01; interface errors rising on rtr-site001-core (site001)",
  "description": "Symptom: Link down to sw-site001-edge01; interface errors rising\nSite: site001\nDevice: rtr-site001-core\nIP: 10.1.1.1\nSeverity: major\nTimestamp: 2025-08-22T09:05:10Z",
  "category": "network",
  "impact": 2,
  "urgency": 2,
  "cmdb_ci": "rtr-site001-core",
  "location": "site001",
  "attachments": [
    "site001.txt",
    "prior_incidents.json",
    "config.txt"
  ],
  "alarm_id": "A002",
  "severity": "major",
  "site": "site001",
  "device": "rtr-site001-core",
  "ip": "10.1.1.1",
  "timestamp": "2025-08-22T09:05:10Z",
  "generated_at": "2025-08-27T18:44:08.118744+00:00",
  "insights": {
    "scope": "Device only (isolated)",
    "reason": "Target unreachable while all discovered neighbors responded successfully.",
    "next_steps": [
      "Check device power/CPU, mgmt reachability, console access.",
      "Capture additional diagnostics (interface counters, routing protocol summaries)."
    ]
  }
}