{
  "short_description": "Alarm A003 triage summary",
  "alarm_id": "A003",
  "device": "rtr-site001-core",
  "site": "site001",
  "severity": "warning",
  "insights": {
    "summary": "Offline triage completed for A003 on rtr-site001-core.",
    "blast_radius": "Alarm A003 appears confined to rtr-site001-core at site001. No adjacent core links show correlated errors in offline dataset.",
    "next_steps": "1. Collect interface counters (show interface).\n2. Review recent changes (git diff / change log).\n3. If persists, schedule maintenance window to replace optics."
  }
}