{
  "number": null,
  "short_description": "Alarm A003 BGP neighbor down then up (flap detected) on rtr-site001-core (site001)",
  "description": "Symptom: BGP neighbor down then up (flap detected)\nSite: site001\nDevice: rtr-site001-core\nIP: 10.1.1.1\nSeverity: minor\nTimestamp: 2025-08-23T11:14:42Z",
  "category": "network",
  "impact": 3,
  "urgency": 3,
  "cmdb_ci": "rtr-site001-core",
  "location": "site001",
  "attachments": [
    "site001.txt",
    "prior_incidents.json",
    "config.txt"
  ],
  "alarm_id": "A003",
  "severity": "minor",
  "site": "site001",
  "device": "rtr-site001-core",
  "ip": "10.1.1.1",
  "timestamp": "2025-08-23T11:14:42Z",
  "generated_at": "2025-08-27T18:44:08.124308+00:00",
  "insights": {
    "scope": "Device only (isolated)",
    "reason": "Target unreachable while all discovered neighbors responded successfully.",
    "next_steps": [
      "Check device power/CPU, mgmt reachability, console access.",
      "Verify BGP session state, peer reachability, recent route changes/maintenance."
    ]
  }
}