{
  "short_description": "Alarm A001 triage summary",
  "alarm_id": "A001",
  "device": "rtr-site001-core",
  "site": "site001",
  "severity": "major",
  "insights": {
    "summary": "Offline triage completed for A001 on rtr-site001-core.",
    "blast_radius": "Alarm A001 appears confined to rtr-site001-core at site001. No adjacent core links show correlated errors in offline dataset.",
    "next_steps": "1. Collect interface counters (show interface).\n2. Review recent changes (git diff / change log).\n3. If persists, schedule maintenance window to replace optics."
  }
}