{
  "number": null,
  "short_description": "Alarm A001 ICMP Unreachable; BGP neighbor down on rtr-site001-core (site001)",
  "description": "Symptom: ICMP Unreachable; BGP neighbor down\nSite: site001\nDevice: rtr-site001-core\nIP: 10.1.1.1\nSeverity: critical\nTimestamp: 2025-08-20T14:22:31Z",
  "category": "network",
  "impact": 1,
  "urgency": 1,
  "cmdb_ci": "rtr-site001-core",
  "location": "site001",
  "attachments": [
    "site001.txt",
    "prior_incidents.json",
    "config.txt"
  ],
  "alarm_id": "A001",
  "severity": "critical",
  "site": "site001",
  "device": "rtr-site001-core",
  "ip": "10.1.1.1",
  "timestamp": "2025-08-20T14:22:31Z",
  "generated_at": "2025-08-27T18:44:07.911851+00:00",
  "insights": {
    "scope": "Device only (isolated)",
    "reason": "Target unreachable while all discovered neighbors responded successfully.",
    "next_steps": [
      "Check device power/CPU, mgmt reachability, console access.",
      "Verify BGP session state, peer reachability, recent route changes/maintenance."
    ]
  }
}